ID,First name,Last name,Username
31674962,Łukasz,Adamiak,izaak.dąbkowski
914,Janusz,Dróżdż,gloria.adamiec
739,Cyryl,Kalinowski,maksym.janusz
54761748,Porfiriusz,Stasiak,oleg.jagodziński
111713542,Abraham,Mikulski,porfiry.lipiński
998074,Lucja,Wroński,helena.zajączkowski
549,Kornel,Lenart,wiara.górny
452,Wilhelmina,Kozak,tekla.rudziński
912637248,Patrycja,Dobrzyński,sybilla.pietrzak
304508,Pantaleon,Budziński,hipolit.dróżdż
40,Róża,Pluta,klemens.cieślik
10,Pelagia,Surma,cyra.maliszewski
612020987,Innocenty,Prus,gertruda.raczyński
25646,Antoni,Czech,tamara.urbaniak
95998,Izaak,Milewski,szymon.sawicki
8552790,Amanda,Białek,antonina.olejniczak
9239081,Jerzy,Jędrzejczyk,abraham.skoczylas
9121,Matylda,Urbańczyk,chloe.kaczmarski
61,Ilona,Nowaczyk,korneli.bartkowiak
95,Brygida,Konieczna,agnieszka.gąsior
586220,Sebastian,Adamek,marta.jankowski
183674,Mikołaj,Herman,patrycjusz.kaczmarski
1832,Demetriusz,Czaja,eleazar.szymkowiak
636577536,Eliza,Nawrocki,mojżesz.bednarski
5323613,Marek,Florczak,dina.staniszewski
54,Bibianna,Kisiel,zofia.kowalewski
838729,Serafin,Zalewski,monika.kawecki
52105,Angela,Ratajczak,florian.łuczak
60904,Cyryl,Prokop,ksawery.stelmach
43,Mojżesz,Stefaniak,agata.szyszka
149,Elżbieta,Kula,alfred.kulig
32,Jakub,Gołąb,marceli.makowski
70,Agata,Kozak,klemens.markowski
137,Fabian,Antczak,krystian.grudzień
169679,Edyta,Lewicki,agata.grzesik
402357,Abraham,Florczak,agnieszka.zajączkowski
7,Larysa,Chmiel,jozue.banasik
2509950,Luiza,Rutkowski,dionizy.kaczmarczyk
910,Arnold,Osiński,maja.modzelewski
27763586,Julita,Smoliński,modest.krajewski
4320173,Adrian,Strzelecki,jerzy.piórkowski
175,Liza,Zaręba,ansgary.nowakowski
45971514,Laura,Tkaczyk,walenty.rudziński
47670311,Cyra,Wasilewski,mojżesz.zabłocki
869478091,Łucja,Grudzień,anna.bednarz
712,Klara,Urbaniak,leila.kędziora
763,Walentyn,Sobczyk,aleksander.wiącek
288409387,Koralia,Zakrzewski,florian.gąsior
5,Cyra,Sokołowski,franciszka.przybyła
819352955,Maja,Piłat,renata.lisiecki
712938,Ada,Cholewa,eliasz.kubica
599535209,Kleopatra,Kawa,wiktoria.przybysz
894343635,Rajnold,Matusiak,eleazar.więcek
8317646,Arkadiusz,Sokołowski,angelina.kuciński
53630726,Brygida,Czarnecki,sebastian.witkowski
193864720,Beniamin,Knapik,zachary.bieńkowski
9,Spirydion,Urbańczyk,patrycja.szymański
81,Ewelina,Kucharczyk,laurencja.czekaj
92,Laura,Wasiak,ewelina.dobosz
92164,Gabriel,Adamczak,laura.miśkiewicz
544267,Eliza,Szafrański,nazary.gutowski
29,Malwina,Witczak,nazary.górny
7452783,Ireneusz,Janusz,izajasz.budzyński
51,Ilona,Rosa,dorian.wilczek
52,Polikarp,Miller,ofelia.krupa
87,Jozue,Morawski,abraham.sadowski
219677,Aida,Gutowski,igor.kopczyński
156352193,Apollinary,Czajkowski,erwin.biernat
75524,Natalia,Panek,apollo.kwiecień
6,Renata,Kołodziejski,edward.kowalczuk
4,Aurora,Kaczor,krzysztof.jankowiak
652,Tamara,Lipka,liza.mróz
320,Salomon,Głogowski,łazarz.lis
1465,Pelagia,Pająk,natan.florek
29602,Larysa,Bąkowski,samson.głowacki
958888,Kornelia,Domański,maryna.wnuk
6,Filip,Majewski,daria.jurkowski
23681,Ambroży,Walczak,wilhelmina.urbańczyk
202268305,Randolf,Rojek,adrian.adamowicz
84228,Wacław,Zieliński,jadwiga.cichy
84,Florencja,Cieślak,roderyk.wojtas
478157,Cezary,Wolny,dorian.świerczyński
409136,Noemi,Zaborowski,irma.urbaniak
2131,Eliza,Kawa,julia.pilch
71,Kleopatra,Jagodziński,roksana.kuczyński
55857,Nadzieja,Wolny,eudokia.szymkowiak
676,Matylda,Rojek,feliks.bąkowski
628,Ewa,Nowakowski,ksawery.bartnik
497699,Roderyk,Adamiak,walgierz.adamek
4,Magnus,Matusiak,romeo.kos
840,Filemon,Marzec,tomasz.śliwiński
9966906,Porfiriusz,Stachowiak,osmund.rybarczyk
8,Andrzej,Żak,leon.łukasiewicz
690,Edwin,Kurowski,julian.czajka
2,Juliusz,Buczek,krystian.sochacki
118093,Ambroży,Dubiel,żaneta.kruszewski
41791,Teodora,Michałek,sabina.olejnik
2750061,Salomon,Karpiński,leon.gołębiewski
51836332,Aleksander,Klimek,bazyli.cygan
665254904,Jakub,Kępa,agnieszka.kurowski
1851,Cyryl,Tomczyk,korneliusz.piątkowski
17986261,Ada,Miśkiewicz,brajan.bartosik
822015899,Leonid,Rogowski,arystarch.biernat
1,Lucjan,Burzyński,bruno.woźniak
504,Izabela,Dąbek,elżbieta.szcześniak
2325418,Atanazy,Góra,rozalia.kowal
131,Tomasz,Łukaszewski,hieronim.dec
36,Dariusz,Chmura,lilia.klimczak
214346,Gabriela,Tomala,bibiana.kawecki
27206650,Laura,Kopczyński,konstancja.młynarczyk
361,Prokul,Dąbrowski,nikodem.sienkiewicz
948575,Wiktoria,Kowalski,patrycy.puchalski
988265,Magdalena,Ciszewski,monika.woliński
4,Waleria,Pietrzyk,maryna.kosowski
275223,Platon,Dąbkowski,adrian.lewicki
263,Apollinary,Krajewski,emilia.zaręba
584412017,Izabela,Dębski,mikołaj.niedźwiecki
692,Agata,Augustyniak,andrzej.wróblewski
990268,Wawrzyniec,Adamek,sylwia.pawlak
8522474,Kamila,Szymczak,sylwia.wróblewski
77,Adrian,Dziuba,amanda.majewski
1,Jan,Grudzień,cyryl.kmieć
801794,Walentyn,Kowalski,izolda.frankowski
55844780,Anastazja,Chmura,bertrand.skowroński
71,Sara,Królikowski,joanna.maliszewski
702474,Prokul,Ossowski,alina.urbanowicz
82,Franciszka,Sokół,judyta.kwiecień
707,Arnold,Sowa,ofelia.bilski
67571,Spirydion,Grochowski,kazimierz.witek
54,Tobiasz,Śliwa,eliza.wiącek
374685307,Klementyna,Kubiak,oleg.król
7306,Herman,Surma,agata.balcerzak
473559,Sabina,Jagodziński,klarencjusz.stachowiak
599,Renata,Matuszak,julia.wójcicki
760,Walter,Woś,leon.leśniewski
576567921,Kamila,Urbaniak,abraham.furman
2694,Janusz,Zawada,wawrzyniec.bochenek
366930,Patryk,Lasota,filemon.stefański
1317,Nadzieja,Gadomski,helena.twardowski
7,Beniamin,Staniszewski,natanael.borek
418234,Henryka,Grabowski,laurencjusz.tarnowski
60498,Laurencjusz,Polak,karolina.gawroński
650284970,Ginewra,Skalski,jerzy.prus
230,Wiara,Modzelewski,justyna.sobczak
42793252,Sabina,Florczak,demetriusz.szymkowiak
1,Dariusz,Czajka,chloe.adamek
132192,Konstantyn,Furman,filipa.kołodziejczyk
843698519,Nestor,Tracz,melania.rogala
583,Agata,Mikołajczak,eleazar.lisowski
93,Amabela,Golec,laurencja.furman
886,Amanda,Grzybowski,abraham.niemiec
192006708,Ambroży,Pawlak,izolda.grześkowiak
82422813,Sara,Sokół,sara.bartosik
815,Teresa,Chojnowski,justyna.tarnowski
631693,Helena,Kasprzyk,sylwia.bujak
639352,Agrypina,Mazur,orestes.staszewski
837440017,Robert,Filipiak,paula.długosz
9617786,Izolda,Orłowski,klaudiusz.rzepka
116,Henryk,Stachowiak,makary.włodarski
979,Justyn,Staszewski,bibiana.gołąb
0,Gloria,Borowiec,izajasz.barański
2974,Demetriusz,Szczerba,ludwika.pałka
677,Wiara,Biernat,koralia.kasperek
504039,Waleria,Antczak,patrycja.radecki
758280617,Gerald,Kuś,agrypina.lech
61544,Walery,Karaś,sebastian.zając
86,Patrycy,Janiak,angelina.buczek
44,Lucjan,Stasiak,oleg.małecki
34219688,Laura,Baran,abraham.głowacki
490290,Izolda,Woźniak,hipolit.mikołajczyk
78363201,Magdalena,Robak,herman.kowalik
4666893,Antonina,Strzelczyk,apollo.żuk
583203870,Patrycja,Chmielewski,leila.lisowski
1,Rajmund,Chrzanowski,tymoteusz.grochowski
45564,Mateusz,Balcerzak,eugeniusz.kubacki
9793,Herman,Dębski,alfred.szeląg
248620315,Dorian,Wolny,erast.mielczarek
90999150,Pantaleon,Owczarek,gonsalwy.kubik
810,Agaton,Ratajczak,romeo.niedziela
794,Wawrzyniec,Kopeć,klemens.maciejewski
851,Eleonora,Bagiński,filemon.sadowski
414,Klaudiusz,Szatkowski,magdalena.urbańczyk
4920,Abraham,Kuliński,irma.chrzanowski
68721,Abraham,Malinowski,angelina.wojciechowski
4,Oskar,Turek,renata.jagodziński
15,Samuel,Tarnowski,aaron.kałuża
825,Katarzyna,Niemczyk,gabriel.olszewski
9212704,Noemi,Domański,ryszard.wilczek
377897,Rajmund,Gajewski,ambroży.michalak
137,Leon,Mucha,patrycjusz.michalski
36277875,Magdalena,Góra,florian.dubiel
270334231,Innocenty,Strzelecki,archibald.kot
66,Gracja,Bieniek,cyra.karaś
609,Abraham,Jakubiak,adam.krukowski
55810655,Kalistrat,Filipiak,melania.kulesza
4,Bertrand,Czarnecki,aleksandra.olszewski
199,Dorota,Kłosowski,rafał.dąbrowski
368793,Stefania,Cieślak,agnieszka.lewicki
5,Andrzej,Szcześniak,wawrzyniec.urban
27307195,Klaudia,Więckowski,rajmund.chojnowski
114744,Eudoksja,Stankiewicz,maksym.kmieć
310211593,Oskar,Rosiak,kamila.witkowski
382851437,Randolf,Bukowski,jeremi.tomaszewski
664944315,Randolf,Sikorski,penelopa.szafrański
5771960,Kleopatra,Jackowski,lilia.gwóźdź
5840,Cecyliusz,Nowiński,baldwin.kaczmarek
87,Prokop,Czerwiński,prokles.piórkowski
54,Łukasz,Bogucki,wawrzyniec.skowronek
67473,Maja,Stolarczyk,natanael.szczęsna
1501,Noemi,Czarnecki,maria.pawlak
45,Dionizy,Adamiak,porfiriusz.wojtkowiak
85,Ksenofont,Flak,aleksandra.gajewski
44101,Stefan,Majchrzak,samuel.głowacki
4839,Elwira,Krupiński,donald.jankowski
964,Rajnold,Nowiński,leonid.sikorski
546,Irma,Grzyb,aurora.szafrański
6419661,Albert,Bednarek,władysław.kuc
168046389,Maksymilian,Krzemiński,ilona.żmuda
414,Hilary,Morawski,larysa.laskowski
828,Krystyna,Kania,żaneta.bąk
533,Oskar,Kucharczyk,tobiasz.sobolewski
51,Błażej,Wroński,innocenty.szymkowiak
224291,Gonsalwy,Cichoń,malwina.nowacki
56214,Izajasz,Zajączkowski,roland.wilk
0,Olimpia,Podgórski,ambroży.bednarczyk
14809515,Wanda,Mika,zuzanna.kasprzak
9752819,Mojżesz,Sobczyk,franciszek.matusiak
1623172,Ginewra,Kwiecień,bernard.skalski
737296699,Roman,Wiącek,liliana.żurawski
5,Benedykt,Pawlikowski,rudolf.zawadzki
85509,Edgar,Kaniewski,laura.bąkowski
392098285,Teresa,Krzemiński,karol.kuś
43957493,Ksenofont,Milewski,łucja.stachowicz
9480,Kazimierz,Strzelecki,cecyliusz.kołakowski
416068651,Małgorzata,Węgrzyn,nazary.kowalczuk
63,Olimpia,Kuś,walgierz.zabłocki
451521672,Ryszard,Kołodziejczyk,erwin.sobczyk
17,Jakubina,Górniak,agata.kulesza
316012,Brygida,Jędrzejczyk,mateusz.markiewicz
5,Julian,Kędziora,salwator.czapla
75747,Cyrus,Kucharski,kamila.łapiński
275,Demetriusz,Barański,natan.pilarski
82465,Julian,Kaniewski,kleopatra.popławski
2130794,Agnieszka,Stanek,jeremiasz.mróz
5899,Ireneusz,Wesołowski,walter.cybulski
4998,Amabela,Wilczek,dorian.szostak
19665817,Gonsalwy,Skrzypek,kazimierz.wrona
13,Natalia,Jastrzębski,horacy.filipiak
5,Sybilla,Marchewka,eliza.tomaszewski
96461687,Fryderyk,Przybyła,zachariasz.kuś
453,Lidia,Tracz,bazyli.nowaczyk
20002,Bazyli,Sowa,henryk.kubiak
4119,Albert,Bartosik,zachary.stachurski
46916,Feliks,Turek,abraham.janowski
24,Apollo,Dróżdż,roland.robak
596665,Anna,Kuczyński,polikarp.majchrzak
7143,Walentyn,Książek,edwin.różański
3,Larysa,Pasternak,wiktoria.frątczak
776,Stefan,Kowalik,tomasz.dębowski
75,Edgar,Wierzbicki,eliza.mroczek
6204,Izabela,Stanek,edmund.fijałkowski
119112,Anastazja,Łuczak,korneli.przybylski
78951,Igor,Bartczak,katarzyna.malinowski
4530,Alicja,Lis,tymoteusz.leszczyński
741919,Liza,Sobczak,wilhelmina.piotrowicz
869,Kleopatra,Kasperek,larysa.cygan
69867451,Agrypina,Morawski,brajan.kołodziej
24,Malwina,Konieczny,eleonora.maliszewski
66693964,Tekla,Augustyniak,cyryl.gawlik
73258,Józefina,Kalisz,marek.skrzypek
6874,Renata,Domagała,łukasz.kalinowski
21593819,Ignacy,Łukaszewski,eudoksja.paczkowski
1,Samson,Domański,ilona.lisiecki
9,Józefina,Kostrzewa,leon.mazurkiewicz
755797711,Brajan,Różycki,rufina.jastrzębski
9367,Estera,Krakowiak,szczepan.niewiadomski
9927,Nadzieja,Jarosz,edward.jagodziński
762181,Nina,Pakuła,tomasz.augustyniak
132311,Alan,Gawroński,anna.krupiński
988,Beatrycze,Jasiński,paweł.krukowski
2,Mikołaj,Świerczyński,gabriela.wójcik
512,Filemon,Kaczmarski,roger.stefański
636163621,Sabina,Czyż,jerzy.nowaczyk
32,Izolda,Marek,jerzy.zygmunt
99406,Tamara,Podgórski,walter.szydłowski
784,Marianna,Flak,piotr.mierzejewski
1227375,Tomasz,Krzemiński,alicja.zagórski
775198,Oskar,Kaszuba,fabian.kulik
8765,Maja,Komorowski,rufina.wojtczak
229346742,Wiktor,Pawlak,kalistrat.ciesielski
989790,Dorota,Piotrowski,baldwin.urbanowicz
50074446,Liliana,Kujawski,nikola.śliwa
1,Nestor,Szatkowski,reginald.lipski
998,Oleg,Urbanek,herman.kasprzak
6,Gabriela,Biernat,olga.sadowski
84377003,Apollo,Górski,michał.bartkowiak
82037495,Ariadna,Malec,maksym.kacprzak
854725210,Marceli,Dębski,agata.adamiec
499,Lilianna,Czyżewski,rajmund.jędrzejczak
11,Berta,Staniszewski,jan.golec
65862,Feliks,Kalisz,angelina.malec
2986686,Herbert,Dąbek,salwator.jankowiak
4302401,Sabina,Kołodziej,rachela.miller
58,Dariusz,Janiak,leon.lipiński
1,Henryk,Grzybowski,arseniusz.głąb
2997845,Modest,Zieliński,gwido.kaleta
78748350,Paulina,Rakowski,jeremiasz.szczepaniak
2958064,Lidia,Adamus,hugo.skrzypek
9180872,Apollinary,Zarzycki,nadzieja.leśniak
924376211,Marta,Bieńkowski,noemi.wieczorek
46,Tamara,Kogut,monika.adamiec
718406,Dawid,Flak,anna.gawlik
376,Spirydion,Jurkowski,józefina.izdebski
87489,Krzysztof,Pawelec,arseniusz.drabik
45158,Sylwester,Więckowski,samuel.książek
663262161,Ksawery,Kucharski,tamara.wypych
983131,Walery,Skrzypek,lilla.bielski
4,Witalis,Kos,jozue.broda
88292234,Józef,Zielonka,prokop.chudzik
7,Elwira,Sroka,ksenia.dominiak
8321745,Walery,Masłowski,gerazym.stępniak
86,Włodzimierz,Duszyński,natanael.twardowski
6220469,Romeo,Śliwiński,bibianna.białek
997622324,Walter,Kwaśniewski,adelajda.klimczak
8034351,Arseniusz,Jurkiewicz,samuel.rosa
836964852,Eustracjusz,Pietras,edgar.wierzbicki
21030,Baldwin,Bąkowski,michalina.góral
637942,Janusz,Woś,laura.stasiak
996,Magdalena,Sowa,roman.zwoliński
406,Dorian,Klimczak,dionizy.woś
7,Ansgary,Węgrzyn,lidia.radomski
732162,Cecylia,Piłat,henryka.kuchta
89348917,Ireneusz,Kłosowski,karolina.michałowski
84754,Pelagia,Adamczak,dorota.olejniczak
402,Harald,Grześkowiak,maja.wyszyński
259773,Janusz,Prokop,fabian.pilch
2074,Koralia,Włodarczyk,reginald.motyka
73,Makary,Stolarski,gedeon.krzyżanowski
886,Helena,Andrzejczak,adam.mika
779,Krystyna,Paczkowski,alan.komorowski
95572382,Dina,Szczęsna,gabriel.kujawa
7184,Magdalena,Cygan,karolina.juszczak
16303,Janina,Sienkiewicz,oliwia.jakubiak
938908995,Lucja,Michałek,daniel.bednarek
105515851,Randolf,Łukasiewicz,janina.stec
74953,Dina,Bieńkowski,agata.konieczna
526840856,Bruno,Misiak,zygmunt.piotrowski
95553,Ksenia,Sławiński,walery.kiełbasa
388,Igor,Karpiński,ferdynanda.skowron
5,Szczepan,Lis,joanna.grzywacz
910018207,Antoni,Fijałkowski,korneliusz.twardowski
459,Maryna,Broda,gabriel.klimczak
913883986,Eliza,Stachura,cecylia.wróbel
3060702,Wawrzyniec,Dudziak,józefina.kaczyński
4638,Aleksy,Ciszewski,lilla.wojtkowiak
683909,Maria,Dróżdż,penelopa.lesiak
9,Ruta,Kowal,filip.rak
6474000,Anna,Szczygieł,bibianna.frankowski
304579,Marceli,Bukowski,korneliusz.szczerba
1752885,Laura,Adamczyk,tomasz.izdebski
82,Reginald,Nawrocki,weronika.kowalik
65,Samuel,Pietrzyk,emil.kuliński
52,Julita,Skowronek,eugeniusz.ratajczak
56951,Marianna,Dróżdż,samson.markiewicz
97,Liliana,Tracz,laura.piasecki
69842853,Emilia,Dec,maria.kaźmierczak
31,Nina,Tkaczyk,brygida.wolski
58,Gedeon,Majka,marta.kwiatkowski
985,Amanda,Baranowski,miron.czyż
802964020,Aaron,Grzybowski,michał.kasperek
29279487,Józef,Głąb,cyra.wypych
9451682,Barbara,Zalewski,gerazym.wysocki
42,Gedeon,Kaczmarczyk,aaron.kosiński
6036317,Koralia,Dec,eliza.czyż
3828105,Eleazar,Wolak,tekla.żebrowski
32,Rafał,Pakuła,walter.dróżdż
8170092,Patryk,Białas,leon.tomaszewski
519,Dariusz,Romanowski,oskar.krawiec
8,Rudolf,Bąkowski,liliana.żukowski
5073676,Julia,Makowski,izabela.andrzejczak
454643,Bazyli,Adamczyk,hanna.rojek
8978,Walery,Kowalik,dominik.adamowicz
1491694,Harald,Piwowarczyk,oliwia.kuliński
2988259,Tamara,Jackowski,helena.bartnik
60,Eleonora,Pająk,stanisław.piórkowski
476813868,Błażej,Zagórski,roderyk.bożek
17576,Matylda,Skrzypczak,jeremi.wesołowski
81,Porfiriusz,Kowalczuk,leonard.tomaszewski
20534,Irena,Szymczyk,angela.czerwiński
387907293,Arystarch,Karpiński,estera.kędziora
74,Reginald,Bąkowski,konrad.płonka
6999,Lucja,Bukowski,abraham.zaborowski
2470413,Elżbieta,Janowski,beniamin.michalczyk
2,Agaton,Jóźwiak,bibiana.banasiak
444,Feliks,Żuk,august.adamiak
66728,Krystyna,Koper,gilbert.przybył
8229362,Gerald,Rudzki,rajnold.misiak
82134,Cyrus,Bujak,leon.rosa
654,Bertrand,Sobczak,natanael.cygan
433579,Artur,Witek,marcin.motyka
8,Estera,Różycki,ryszard.borowski
8270222,Wilhelm,Misztal,karolina.lenart
649150930,Izolda,Lewandowski,elżbieta.wasiak
971,Weronika,Pietrzak,joanna.sobieraj
563419,Aida,Szulc,sabina.drozd
6088,Błażej,Nowicki,agata.bieńkowski
0,Filip,Jurek,izaak.pilch
6804408,Harald,Michałek,alfred.grzelak
78,Walerian,Kwiatkowski,amanda.piotrowski
7179038,Tamara,Adamiec,benedykt.drozd
345091793,Harald,Kamiński,walerian.frankowski
5269235,Maksym,Skowron,luiza.bielak
3215135,Dominik,Duda,roger.ziętek
99,Paulina,Smoliński,edyta.karaś
96398517,Jonatan,Woźniak,bruno.chojnacki
253269,Elwira,Kaczmarczyk,hipolit.twardowski
74496171,Roger,Bagiński,regina.żebrowski
74475682,Oleg,Cieśla,gonsalwy.dudek
3,Anna,Piłat,ernest.chojnowski
26100201,Stanisław,Kowalski,laurencja.wilczek
140977,Karolina,Rojek,arkadiusz.robak
89112,Borys,Dominiak,maja.zaręba
498,Rajnold,Biernat,ilona.surma
5,Jadwiga,Czechowski,alan.walkowiak
978,Dariusz,Iwański,herbert.skoczylas
4945781,Adam,Stolarski,agnieszka.włodarczyk
82,Artur,Drzewiecki,mikołaj.gadomski
92130165,Albert,Cholewa,tymoteusz.rak
9,Agnieszka,Michalczyk,michalina.falkowski
48009352,Wilhelm,Łukasiewicz,hipolit.mikulski
979162,Konstanty,Woś,anna.pluta
384,Teresa,Rosa,apollinary.dobosz
9943,Herbert,Jakubowski,gabriel.stanisławski
5424,Gabriela,Lipka,elżbieta.górski
81,Dina,Konopka,edmund.pawlik
73,Filip,Stasiak,eustracjusz.kwiecień
43181505,Arkadiusz,Rak,wilhelmina.kubik
7987,Gilbert,Lisiecki,magnus.godlewski
441,Laurencja,Kozłowski,zygmunt.kruszewski
705308079,Horacy,Wojtczak,filemon.mroczkowski
709,Agaton,Chmielewski,roger.maćkowiak
5,Gabriel,Buczkowski,nestor.masłowski
91506007,Józefina,Gwóźdź,judyta.sławiński
57,Antoni,Wierzbicki,pankracy.nawrot
457,Franciszek,Czarnecki,tomasz.szyszka
2,Wanda,Wojtkowiak,nina.bukowski
90,Ludwika,Matysiak,gabriel.szymkowiak
25338091,Katarzyna,Kula,rachela.iwański
5,Paula,Bąkowski,amabela.leszczyński
7471,Natan,Olejnik,rufina.owczarek
28,Cecylia,Małecki,liza.zych
787,Maryna,Zając,łazarz.więcek
544446930,Jozue,Jóźwiak,bazyli.bujak
91,Herbert,Kowal,kleopatra.urbański
7,Erwin,Włodarczyk,alfred.bednarz
63654,Leila,Pakuła,kamila.pietrzyk
846673812,Liliana,Gawlik,henryka.trojanowski
142,Michalina,Sikora,sylwester.staszewski
63376705,Nestor,Pawlikowski,adelajda.urbanek
811772,Kamila,Pilarski,tomasz.góral
61,Miron,Leśniak,laurencjusz.karpiński
73977208,Fabian,Jóźwik,lea.lisowski
12654352,Salomon,Wolak,nestor.świderski
5255,Lilia,Surma,wilfryd.chudzik
88471,Edward,Karwowski,arnold.olczak
991897,Eliza,Białas,edmund.górka
83,Feliks,Dominiak,julian.dębowski
1,Emanuel,Sochacki,jerzy.wilczek
333084460,Maria,Sokół,koralia.sikorski
65199422,Konstancja,Augustyn,herman.janas
4021231,Eliasz,Żebrowski,noemi.gruszka
5274233,Koralia,Banasiak,walerian.kawa
39290653,Oleg,Więckowski,agaton.strzelecki
7278544,Żaneta,Olczak,edgar.pytel
31,Paulina,Puchalski,henryk.komorowski
978,Klementyna,Walczak,helena.góra
4131767,Miron,Maciąg,regina.banasik
967516364,Ignacy,Buczek,zygmunt.tarnowski
717726128,Ada,Janowski,marcin.konieczny
30724,Wanesa,Brzeziński,jeremi.rudzki
7,Bazyli,Gąsior,prokop.woś
0,Oskar,Bielak,renata.marek
6922558,Apollinary,Niedźwiecki,jan.kiełbasa
57,Jakub,Falkowski,helena.szymkowiak
6,Marcin,Przybył,małgorzata.kruk
19356,Paula,Mikulski,janina.flis
3,Aleksandra,Raczyński,tamara.karwowski
2663345,Jeremi,Filipowicz,walentyna.walczak
7,Hilarion,Łuczak,eliza.kostecki
9677519,Edmund,Marek,paula.wojtas
745289,Agata,Warchoł,łukasz.dudzik
839359,Krystyna,Szczepaniak,innocenty.janicki
64598910,Filemon,Czajka,malwina.adamiak
4743784,Dominik,Kacprzak,daria.furman
913823,Stefania,Górka,laurenty.kwiatkowski
852162474,Tamara,Stankiewicz,wiara.stankiewicz
171,Magdalena,Maliszewski,karolina.socha
3066697,Jan,Rybicki,laura.kamiński
3640593,Sebastian,Grochowski,august.kania
9213,Fryderyk,Budzyński,onufry.kmiecik
7709,Konstancja,Szczęsny,waleria.lach
447527,Eustracjusz,Bednarczyk,oskar.banach
80078,Laura,Chudzik,alan.gałązka
63,Jozue,Kowal,eudokia.baran
79,Innocenty,Mika,włodzimierz.krawiec
9579,Roman,Szydłowski,alina.porębski
316703991,Hanna,Długosz,władysław.kałuża
1,Tacjana,Juszczak,maksymilian.tomaszewski
4099,Łucja,Sosnowski,pankracy.wolny
19,Oskar,Cybulski,jeremi.lipski
3735011,Salwator,Jurkiewicz,igor.maćkowiak
6001,Rachela,Gutowski,renata.jankowski
89893324,Galfryd,Różycki,ewa.kubik
2960,Porfiry,Pakuła,łucja.kucharski
930461,Ewa,Książek,aaron.skoczylas
63,Cyryl,Popławski,bernard.tokarski
70339,Malwina,Górny,jozue.gadomski
58,Albert,Witkowski,florian.lach
707322529,Reginald,Flis,helena.balcerzak
881329,Oliwier,Kwieciński,miron.jurkowski
38863,Laura,Ślusarczyk,hanna.kulesza
4,Eleazar,Wróblewski,kazimierz.urbaniak
9506,Laurentyna,Kita,aleksy.banasik
4445,Maksym,Brzeziński,zachary.leszczyński
57453,Efraim,Turek,juliusz.czekaj
19,Zachariasz,Jędrzejczak,arseniusz.dubiel
303,Estera,Sroka,orestes.robak
56,Izolda,Malicki,julita.stanisławski
54637,Florian,Gołębiowski,jerzy.skowron
2448,Wacław,Sochacki,natanael.adamczak
24,Rudolf,Adamek,roger.kubicki
51460,Atanazy,Niemczyk,michał.jankowski
3986,Kwintyn,Cebula,zuzanna.zalewski
415008,Wiktoria,Drozdowski,rozalia.maciąg
4070,Bruno,Śliwiński,regina.zielonka
231303,Angelina,Niedźwiecki,leila.jurkiewicz
6,Reginald,Lasota,klementyna.prus
15871,Laura,Dudziak,horacy.budzyński
57335185,Bruno,Gadomski,igor.gadomski
8015,Renata,Kozłowski,gabriel.kowal
6,Edwin,Fijałkowski,eliasz.kostecki
4,Walenty,Buczyński,ludwika.dominiak
89006736,Hubert,Kogut,kornel.socha
480,Rachela,Świerczyński,agata.bąkowski
549436,Waleria,Wąsik,teodor.ostrowski
3772035,Gabriel,Urbaniak,jeremi.kaniewski
2433917,Klarencjusz,Iwański,ferdynanda.wójtowicz
7908663,Maksym,Czechowski,apollo.marcinkowski
31,Dionizy,Kaczor,izabela.cichoń
403806,Daria,Dziedzic,eustracjusz.góra
32598,Nina,Szczepański,teodor.grudzień
558499,Orestes,Łukaszewski,andżelika.matusiak
5,Pankracy,Kolasa,ofelia.skalski
47431685,Ksawera,Kmiecik,erwin.błaszczak
468,Zachariasz,Lenart,patrycjusz.zdunek
51,Aleksander,Misiak,helena.kujawa
873,Gabriel,Jóźwiak,alan.tomczak
5802693,Jozue,Borkowski,jakubina.marchewka
88,Gedeon,Kos,maja.jaros
33177,Andrzej,Cieślak,robert.kalisz
1828,Fryderyk,Czaja,bazyli.wawrzyniak
86399,Rafał,Tokarski,ksawery.skrzypek
3272033,Prokul,Kuciński,kleopatra.matusiak
87432006,Serafin,Flak,klementyna.borowski
765,Hubert,Olczak,eleonora.czech
8680,Karolina,Kozioł,leon.gałka
433159,Marta,Wójcicki,nestor.witczak
4729548,Larysa,Wasiak,stanisław.lisiecki
34,Laura,Marchewka,waleria.cichoń
9705,Aleksy,Buczek,kazimierz.jędrzejewski
338652,Korneli,Dudziński,wirginia.sowa
4,Nikodem,Leśniak,ofelia.kubica
50,Polikarp,Skóra,irena.szulc
8665856,Eliasz,Konopka,rebeka.prokop
4,Pankracy,Guzik,izolda.adamiak
39107,Laurenty,Żurek,eugeniusz.woliński
4,Ksenia,Kuś,roland.stolarski
9,Józef,Paczkowski,leonard.malicki
46,Wiktoria,Zieliński,teresa.maciąg
5,Jadwiga,Tomala,łukasz.kuc
15881,Patrycy,Kowalik,arystarch.wróbel
352798213,Maksymilian,Nawrocki,platon.witkowski
9301524,Aaron,Kwiatkowski,wanesa.kuczyński
3,Robert,Bednarski,abraham.drozdowski
447,Józef,Kucharski,gerazym.maciejewski
45779,Galfryd,Dobosz,daniel.markiewicz
760,Melania,Szyszka,hilarion.janowski
5271915,Cyra,Kaszuba,aaron.pluta
986,Hilarion,Sobolewski,eleonora.trojanowski
305404850,Osmund,Kulesza,efrem.bielski
9426,Róża,Burzyński,eudoksja.szczerba
70822,Rebeka,Kolasa,władysław.falkowski
4,Marcin,Flak,patrycjusz.skrzypczak
9981893,Fabian,Wyszyński,natanael.kędziora
87,Emanuel,Turek,eugenia.węgrzyn
259,Maria,Góra,adam.kozłowski
123406,Leonid,Kubik,jeremiasz.zdunek
1919,Walenty,Sitek,olimpia.chmielewski
6,Samuel,Wolak,dina.urbańczyk
92323,Rafał,Szczęsna,zuzanna.chojnacki
2,Emil,Komorowski,helena.piasecki
5,Jonatan,Pawelec,abraham.ptak
202862489,Gerald,Węgrzyn,jadwiga.zakrzewski
96,Jakub,Urbański,eugeniusz.mroczek
70,Elwira,Wroński,sara.czechowski
13381,Maja,Zakrzewski,natanael.czyż
331666517,Laura,Górka,oskar.miller
6873,Julian,Napierała,eleazar.rosa
925,Mojżesz,Broda,helena.pietras
4,Edgar,Czechowski,helena.mroczkowski
95329,Demetriusz,Szyszka,arkadiusz.czajkowski
2,Edgar,Kucharski,benedykt.kępa
65924,Noemi,Marciniak,onufry.płonka
715600412,Bernard,Białas,alicja.mrozek
942609851,Kleopatra,Dudek,ida.woliński
18,Arnold,Karaś,adrian.skowronek
5,Bibianna,Broda,beatrycze.szymczyk
152,Olimpia,Lis,antonina.jóźwiak
4421,Koralia,Zalewski,filip.krajewski
227,Kornelia,Pająk,galfryd.cieśla
936,Jeremiasz,Janus,waleria.kopczyński
3119,Natanael,Majchrzak,oleg.winiarski
86,Reginald,Gruszczyński,noemi.karwowski
87061,Bazyli,Czerwiński,anna.skiba
73230153,Walery,Fijałkowski,pelagia.przybyła
91346,Wiara,Majcher,eliza.stępniak
7943,Malwina,Polak,ambroży.karpiński
8444,Harald,Różański,dominik.bieniek
564575571,Lidia,Radecki,erwin.zagórski
62274021,Zachary,Zalewski,roland.tomala
385469734,Roderyk,Karczewski,angelina.barański
92166669,Olga,Gałka,zachary.głowacki
705961678,Reginald,Stasiak,helena.matuszak
156,Larysa,Gąsiorowski,lucjan.borowski
631454086,Jakubina,Skoczylas,nazariusz.czarnecki
61725,Mojżesz,Olczak,michał.kalisz
3,Izajasz,Więcek,jozue.grzesik
1806569,Estera,Tomaszewski,klaudia.kos
843053,Joachim,Kubica,tamara.sołtys
3,Szymon,Jagodziński,arystarch.nowiński
39869,Paulina,Chmiel,ryszard.jędrzejczyk
975,Paweł,Noga,efraim.kowalczyk
17595685,Prokles,Madej,lucjan.podgórski
4952,Nestor,Skowron,innocenty.wyszyński
8,Aleksy,Mika,gedeon.rybicki
1650,Joanna,Mikulski,szymon.góra
486252,Rajnold,Grzegorczyk,paweł.kołodziejczyk
0,Joanna,Suski,julia.jarząbek
49,Liliana,Lipiński,gonsalwy.adamiak
400550581,Konstanty,Chudzik,reginald.skrzypczak
54050612,Walenty,Piotrowicz,salomon.wroński
9913542,Maria,Gajda,porfiriusz.małecki
3,Walenty,Wolak,laura.wilczek
3796427,Edwin,Adamiec,wanesa.błaszczak
211619,Zoe,Augustyn,martyna.kasprzyk
176,Leon,Florek,sylwia.pająk
920,Prokul,Gwóźdź,greta.więcek
675766502,Dominik,Olszewski,irena.janowski
43,Waleria,Pawłowski,wilhelm.przybysz
883551312,Herbert,Malec,anastazja.borek
6055454,Modest,Kawa,ksawera.zakrzewski
709147,Klaudiusz,Dudek,regina.kubiak
915,Platon,Staniszewski,jan.zdunek
67,Cyra,Górny,sabina.michałek
29406822,Ariadna,Leszczyński,reginald.dziuba
5428,Abraham,Stachowicz,lilla.ptak
345957,Daniel,Adamus,maja.rudnicki
686,Ireneusz,Kot,dominik.żurawski
495611261,Korneli,Siedlecki,donald.żurawski
60365,Ilona,Grzesik,ofelia.knapik
5512703,Natanael,Wójcik,władysław.sochacki
935399647,Elwira,Kucharski,gerald.motyka
79970,Oliwia,Banaś,ryszard.konieczna
887,Patrycjusz,Florek,dariusz.kulesza
4,Arkadiusz,Wilczek,kalistrat.pawłowski
2201018,Bertram,Piechota,florencja.sołtysiak
69489289,Filemon,Korzeniowski,luiza.rosa
520792,Gabriel,Augustyn,luiza.laskowski
72680998,Aleksy,Głowacki,judyta.biernat
869,Filipa,Wieczorek,reginald.jagiełło
966842331,Emilia,Florek,weronika.kowalewski
504,Klaudia,Szydłowski,patryk.jankowiak
3169955,Adelajda,Kotowski,florian.zięba
333809197,Cezary,Wojtczak,elżbieta.szcześniak
2,Katarzyna,Bieńkowski,patrycja.kuś
2716662,Marianna,Więckowski,szczepan.domagała
569,Zoe,Biernat,ewelina.bober
71,Eliza,Gołąb,maksym.dobrzyński
8,Martyna,Kruk,rajnold.więcek
266,Alina,Zaręba,patrycjusz.kowalik
93800209,Benedykt,Szczęsna,gertruda.skoczylas
9695,Henryk,Rybak,elwira.jurkowski
7966,Antoni,Dudziak,innocenty.wróbel
14048,Arkady,Przybył,bibiana.ziętek
8506,Eleonora,Kaczmarek,modest.rogala
652,Eugenia,Flak,ambroży.jędrzejczak
68,Prokul,Miller,lilla.dobrzyński
42491227,Magdalena,Kuliński,zachariasz.bednarz
7713269,Wilhelmina,Czaja,walgierz.zając
234,Oskar,Niedźwiecki,koralia.izdebski
9624680,Renata,Lach,mojżesz.kłosowski
5834575,Sebastian,Szyszka,jan.zajączkowski
79055177,Apollo,Marek,randolf.kołodziejczyk
28559,Matylda,Urbański,bibiana.korzeniowski
18002276,Bertrand,Kurek,piotr.krawiec
58506862,Chloe,Pietras,izajasz.świderski
41594417,Michalina,Kruk,porfiriusz.filipiak
1,Malwina,Szcześniak,ewa.walczak
8,Modest,Siwek,izaak.kalinowski
354876,Aurora,Jabłoński,jan.przybyła
525801,Laura,Gawron,juliusz.partyka
504,Nestor,Krupa,roger.adamczyk
6239,Zuzanna,Lipiński,salomon.raczyński
721748,Hilarion,Florek,modest.ciesielski
121572,Eudokia,Matuszewski,walter.bartczak
304718,Karolina,Knapik,hilary.adamek
327010,Krystyna,Sobczyk,filemon.kozieł
80672,Jan,Nowaczyk,rozalia.pawlicki
72,Lucjan,Pilarski,dionizy.kujawa
440,Bertrand,Śliwiński,ignacy.bilski
159043053,Maja,Szymczak,pelagia.janiak
93444,Damian,Kos,jadwiga.szczepaniak
22768,Zygmunt,Kawecki,andżelika.pluta
219257,Władysław,Mackiewicz,paula.małek
250439491,Laura,Różański,teodora.koper
5419572,Modest,Czajka,paweł.zawadzki
94,Włodzimierz,Walczak,berta.bednarczyk
1,Sebastian,Sołtysiak,edyta.miśkiewicz
842648126,Kamila,Florczak,łukasz.kruk
243578,Nadzieja,Muszyński,joanna.pakuła
17399,Orestes,Bednarz,agnieszka.czyż
99011793,Natalia,Jaworski,gerald.jagodziński
89,Jan,Górski,maksym.łukaszewski
58742897,Anatol,Szwarc,wilhelmina.chmiel
798,Herbert,Nowak,leon.chmura
38,Emil,Osiński,sara.raczyński
0,Ambroży,Wieczorek,maksymilian.lisiecki
4281389,Nadzieja,Sosnowski,arseniusz.grabowski
488,Arystarch,Bartnik,anatol.przybysz
341503,Wirginia,Sobieraj,agaton.kmieć
1616324,Gedeon,Kubik,arnold.kawecki
84,Ludwika,Żuk,józefina.mikołajczak
3637,Klemens,Misiak,jonatan.kwiatkowski
188998,Melania,Szczepaniak,emanuel.dąbek
672522192,Samson,Ślusarczyk,lucja.lisiecki
52566,Aleksandra,Kowal,anna.szwarc
2,Gwido,Radecki,witalis.buczyński
7,Rajnold,Twardowski,florencja.jurkowski
77509,Wilhelmina,Osiński,cyrus.leszczyński
49258,Arkady,Rosa,lidia.kmiecik
26528033,Matylda,Stachowicz,konstantyn.michalak
1731765,Mojżesz,Wiącek,łukasz.walczak
55,Krystian,Korzeniowski,eliza.rosa
3562190,Kazimierz,Cieślik,krystian.biernacki
633,Olimpia,Głąb,borys.zalewski
351,Erwin,Ślusarczyk,sybilla.woś
50729502,Julia,Kopczyński,rozalia.staszewski
68850712,Abraham,Drozdowski,witalis.jagodziński
5243475,Gracja,Ziętek,filemon.michalik
866808,Jeremiasz,Jackowski,wirginia.szymański
41886,Fabian,Skiba,leila.molenda
968,Karol,Grzelak,anastazja.sokół
1485097,Onufry,Adamczyk,ansgary.ziółkowski
996836,Hugo,Orzechowski,hilarion.rak
3295,Rebeka,Gawron,dorian.szewczyk
2595,Wiara,Bogucki,jan.wąsik
316875,Aleksandra,Grzywacz,leon.broda
511129,Florian,Kulig,dariusz.wójtowicz
92033,Zuzanna,Kulig,beniamin.bagiński
5474,Kornelia,Sowa,witalis.sitek
9796801,Ofelia,Karwowski,anatol.pietrzak
3794,Józefina,Kubacki,krystian.jakubowski
3,Patrycja,Kacprzak,joanna.bąk
2243,Lucja,Krzyżanowski,rufina.bielawski
31,Eudokia,Bartczak,eliza.grabowski
974559,Eustracjusz,Grochowski,renata.kogut
5928783,Apollo,Buczek,roman.kotowski
91,Nestor,Szymkowiak,leila.kołodziejczyk
684691929,Bibianna,Michałek,rajnold.górka
2335939,Konstantyn,Cichoń,jerzy.majcher
2,Helena,Prokop,jadwiga.kowalczuk
883,Ryszard,Matusiak,gabriela.łukasiewicz
290063443,Jeremiasz,Mikulski,estera.maciejewski
12181,Gabriel,Sikorski,regina.janiszewski
13431,Ferdynanda,Marszałek,klaudia.nowakowski
92,Oleg,Godlewski,reginald.krzyżanowski
4,Aida,Drabik,oliwier.kujawski
592,Ewa,Skrzypczak,krystyna.kostrzewa
978302,Teodor,Sokołowski,walter.majchrzak
691,Jozue,Wojtas,nadzieja.czechowski
7573,Jadwiga,Kulesza,august.kłos
89603,Dionizy,Sołtysiak,laurencja.łukasiewicz
17931,Hieronim,Pilch,patrycjusz.czaja
62568893,Amanda,Guzik,walentyna.drozd
5,Aleksy,Murawski,serafin.skoczylas
62814609,Cyryl,Robak,leila.trzeciak
4,Cyrus,Janus,władysław.masłowski
68659,Rachela,Skóra,pantaleon.karwowski
84897,Klementyna,Kulesza,weronika.jankowski
4,Błażej,Grzelak,natalia.raczyński
7692,Konstantyn,Gajewski,teodor.gołębiewski
63,Jerzy,Duda,melania.nowaczyk
71542187,Reginald,Kwiecień,matylda.majka
24305,Maurycy,Niedzielski,klara.piwowarczyk
2,Ginewra,Krzyżanowski,judyta.ziółkowski
94,Eudoksja,Bogucki,apollinary.siwek
3,Angela,Flis,edyta.tomczyk
38830188,Regina,Czarnecki,pantaleon.małecki
754,Nikodem,Kolasa,laura.stachowiak
336,Robert,Niemiec,gerald.ziółkowski
818958,Aaron,Zwoliński,hipolit.piwowarczyk
6,Demetriusz,Kołodziej,nazariusz.chojnowski
92171,Oleg,Wilczek,noemi.buczek
27,Berta,Szymczyk,cyra.budziński
32684062,Matylda,Kołodziejczyk,cyryl.śliwiński
65951736,Ksenofont,Wolski,julita.musiał
86200,Joanna,Stankiewicz,bertrand.banasiak
224,Brygida,Ślusarczyk,justyn.borek
95608917,Walery,Bogucki,izajasz.słowik
464218604,Roksana,Sołtys,jeremiasz.świerczyński
1,Walerian,Zych,eliza.jankowiak
9,Karolina,Stolarczyk,teodora.lipka
200,Reginald,Woźniak,konstantyn.jaśkiewicz
766881,Herbert,Partyka,julita.gałązka
3,Karol,Staniszewski,cecyliusz.michałowski
705,Jerzy,Baran,greta.iwański
98,Leonard,Skowron,sara.maćkowiak
93913242,Rozalia,Kaczmarczyk,alina.rutkowski
771107178,Rudolf,Jakubiak,bibianna.gołębiewski
623033747,Ansgary,Stachurski,sylwester.stefaniak
4913,Rajnold,Banaś,krystyna.przybyła
3003695,Terencjusz,Kulig,witalis.wrona
530879763,Paulina,Jabłoński,stanisław.czech
6351699,Cezary,Raczyński,gilbert.sobczyk
32682583,Izabela,Partyka,maja.woźniak
4,Edward,Skóra,brygida.zaborowski
539891,Walter,Wnuk,maja.kępa
239,Cyrus,Maciejewski,harald.płonka
1922,Lucjan,Stefański,hilary.górniak
555,Marceli,Jędrzejczak,prokles.banach
579,Jeremiasz,Orzechowski,tamara.klimek
6,Apollinary,Rogowski,nikodem.woliński
359571,Borys,Dąbrowski,roland.kostrzewa
18210405,Abraham,Kucharczyk,eleonora.dobrowolski
102,Bibiana,Jaśkiewicz,berta.kołodziejczyk
174147,Sara,Urban,diana.żyła
323139,Nikola,Kulig,juliusz.porębski
55,Maurycy,Jaros,klarencjusz.pilarski
70,Oskar,Piątek,igor.więckowski
78712,Patrycy,Gawroński,dominik.jasiński
56985,Rajmund,Maj,marianna.frątczak
4753683,Estera,Różański,rafał.bednarski
4349,Janusz,Janus,maria.głąb
6150046,Izabela,Zygmunt,ryszard.podgórski
210606085,Melania,Ziętek,sylwia.dąbkowski
78,Penelopa,Łuczak,eleonora.grabowski
24,Alan,Panek,ofelia.kędziora
681181,Weronika,Florek,rajmund.karpiński
5,Roger,Kurek,witalis.cichoń
97279,Dorota,Bieniek,walerian.sosnowski
9456,Nazariusz,Kotowski,rufina.ciesielski
3616946,Renata,Szczygieł,martyna.jakubowski
2,Eugenia,Adamski,hugo.sroka
3822415,Beniamin,Kucharski,kleopatra.czajka
878374120,Józefina,Płonka,lilianna.orłowski
3,Florian,Marcinkowski,wilfryd.orzechowski
85444,Wacław,Matysiak,izajasz.morawski
4271,Maksym,Guzik,zachariasz.bober
811552760,Cecylia,Kubicki,filipa.janusz
386017912,Adelajda,Zaręba,greta.kowalik
604752451,Aida,Sikorski,edmund.łukasik
26,Eliza,Szafrański,adrian.skrzypczak
275754713,Cyrus,Nowicki,orestes.olejnik
903,August,Wójcicki,dionizy.zabłocki
22,Horacy,Gawroński,porfiry.kujawski
271279,Elżbieta,Kubik,prokop.bartczak
641487207,Wanesa,Tracz,nadzieja.rak
69,Bibiana,Gawron,ambroży.lisiecki
4,Sergiusz,Cichoń,maryna.rybarczyk
956104,Regina,Burzyński,oleg.filipiak
6434033,Antoni,Kot,koralia.wysocki
732671,Adam,Woźniak,donald.królikowski
82,Helena,Kaniewski,teodora.witczak
6278,Jadwiga,Laskowski,alan.przybyła
54589,Józef,Zakrzewski,tekla.skoczylas
35006,Marcin,Szczepański,helena.falkowski
9420179,Szymon,Żyła,erast.zajączkowski
51,Natanael,Wysocki,terencjusz.bielecki
33,Demetriusz,Krupiński,henryka.klimek
8,Anastazja,Mrozek,feliks.guzik
8,Eleonora,Kędziora,herman.muszyński
894,Arkady,Zawadzki,korneli.krzyżanowski
43,Hubert,Lisowski,pantaleon.budziński
57104,Klaudiusz,Sieradzki,jerzy.matuszak
85,Hanna,Kucharczyk,renata.karpiński
43,Joachim,Stachura,filemon.stasiak
394,Paweł,Olszewski,klementyna.andrzejewski
266,Aleksy,Zawadzki,róża.sochacki
54,Estera,Jurkiewicz,onufry.karpiński
1536,Brajan,Matuszewski,lucja.król
8,Joanna,Rak,angela.kopeć
330104,Adam,Cybulski,klaudia.romanowski
6798,Florencja,Urbańczyk,randolf.szatkowski
2,Atanazy,Kaleta,cyrus.rakowski
849740,Stefania,Miller,erwin.walczak
774,Tobiasz,Majcher,onufry.kolasa
1815827,Bertram,Wójcik,albert.klimczak
6416500,Gedeon,Ossowski,stefan.michalczyk
7732,Patrycja,Świderski,beniamin.rutkowski
176911,Emil,Głogowski,amabela.kucharczyk
9400727,Ireneusz,Makowski,harald.buczek
90805,Porfiry,Kita,regina.szostak
10,Rajnold,Buczyński,seweryn.zygmunt
1246,Nina,Szatkowski,ambroży.drabik
88906917,Katarzyna,Grzesik,piotr.adamczak
308,Harald,Zwoliński,olga.kaniewski
35601,Regina,Janicki,rafał.kiełbasa
422,Eliza,Tomala,emanuel.młynarczyk
6161162,Martyna,Bilski,gabriela.gruszczyński
3375,Wanesa,Komorowski,polikarp.piotrowicz
313018371,Maksym,Wrona,lucjan.wojtas
178,Emanuel,Romanowski,alfred.sieradzki
7273,Seweryn,Augustyniak,tekla.jezierski
1920473,Szczepan,Dąbek,eleonora.knapik
59,Sylwia,Pawlikowski,brajan.żmuda
46,Eliza,Skrzypek,łukasz.rudnicki
968,Onufry,Chmiel,joachim.socha
21657,Angelina,Świerczyński,arkady.kubik
985,Jerzy,Kuliński,włodzimierz.kaźmierczak
9,Ryszard,Przybył,maria.broda
5408353,Paula,Kubik,jonatan.borkowski
963,Olaf,Dominiak,kira.wojciechowski
723356402,Paula,Kopeć,wiara.bielawski
24,Dionizy,Mroczek,paulina.zieliński
70037569,Nadzieja,Radecki,jozue.wiśniewski
4076062,Klaudia,Marchewka,modest.matuszewski
5,Ksawera,Rudnicki,oskar.adamek
20,Wawrzyniec,Sitek,eudokia.czyżewski
267980812,Tacjana,Sochacki,abraham.dróżdż
80,Nina,Krawiec,teodora.szczygieł
86976247,Żaneta,Witczak,maja.bożek
95607092,Błażej,Łukaszewski,korneli.krupa
43,Brygida,Kasperek,horacy.zieliński
14312358,Kamila,Czyżewski,zuzanna.gawron
461152,Benedykt,Stawicki,justyn.borowiec
165347,Aleksy,Cieślak,walenty.grzesik
45752749,Reginald,Marciniak,kazimierz.flis
5,Rufina,Romanowski,cecylia.kot
574507,Eudoksja,Kacprzak,krystian.szwarc
18216749,Onufry,Pilch,kalistrat.grzybowski
91,Bernard,Wroński,randolf.muszyński
993014618,Ambroży,Ziętek,hieronim.janik
201618,Oliwier,Michalczyk,samson.kawa
9829467,Nikodem,Kasprzyk,rudolf.górka
48036,Hubert,Kruszewski,franciszka.kępa
819087,Rudolf,Kolasa,aleksander.rudziński
84,Hieronim,Krzemiński,karolina.łuczak
822105035,Fryderyk,Szulc,feliks.dobrowolski
65515693,Brajan,Jasiński,stefan.szyszka
262213123,Karol,Fijałkowski,aleksandra.cebula
84403350,Karolina,Karczewski,bernard.polak
117,Lidia,Jarząbek,pankracy.koza
35532945,Andrzej,Kawa,kalistrat.bukowski
265646882,Roksana,Baranowski,lea.rybicki
47814,Maja,Raczyński,tekla.kisiel
4,Beniamin,Gajda,randolf.siedlecki
562727887,Platon,Kasprzyk,maksym.woźniak
20417451,Kazimierz,Kisiel,rozalia.mroczkowski
6415291,Abraham,Sikora,izabela.bartosik
26735345,Dariusz,Stachura,jerzy.jurek
8471,Brygida,Kowalczuk,laurenty.kasprzak
6,Innocenty,Jurkiewicz,stella.filipiak
687,Efraim,Sawicki,franciszek.królikowski
591507993,Lilianna,Sroka,modest.banaś
33,Justyn,Michałowski,krystyna.gwóźdź
6121,Aurora,Szymkowiak,michalina.dudzik
345747,Melania,Koza,gwido.żurek
440,Wilhelmina,Grzegorczyk,romeo.matysiak
644180758,Eliza,Noga,renata.przybylski
356439330,Sergiusz,Pietras,paula.wilk
99,Błażej,Piekarski,igor.nowak
91,Albert,Sikora,fabian.karczewski
13,Aaron,Szczepański,franciszka.filipek
11480,Wawrzyniec,Krajewski,ewelina.kozieł
35,Cecylia,Duszyński,magdalena.dąbrowski
137076,Jakubina,Wilk,edward.kuczyński
579636207,Atanazy,Kulig,hipolit.majchrzak
8,Erwin,Nawrot,krystian.mazurek
87,Leon,Zych,kornel.kucharski
5271,Teresa,Sienkiewicz,ludwika.bartkowiak
96219,Hieronim,Witkowski,tobiasz.robak
8228144,Edmund,Maciąg,polikarp.bąk
833759,Kira,Bartkowiak,konstanty.czarnecki
77,August,Kwieciński,apollinary.bilski
2883,Prokop,Rosa,marianna.głogowski
0,Edgar,Trzeciak,ksawera.lech
8608,Patrycjusz,Marchewka,helena.rak
2261908,Kamila,Wójcicki,wilfryd.stępniak
9274981,Ksenofont,Zarzycki,arkadiusz.kuś
9053994,Wanesa,Niemczyk,alina.zygmunt
